﻿<parameters>
  <parameter name="IIS Web Application Name" defaultValue="PharmaCare_Publish" tags="IisApp">
    <parameterEntry kind="ProviderPath" scope="IisApp" match="^C:\\Users\\Jakob\\Documents\\PharmaCare\\PharmaCare\\PharmaCare\\obj\\Release\\Package\\PackageTmp$" />
    <parameterEntry kind="ProviderPath" scope="setAcl" match="^C:\\Users\\Jakob\\Documents\\PharmaCare\\PharmaCare\\PharmaCare\\obj\\Release\\Package\\PackageTmp$" />
  </parameter>
  <parameter name="Add write permission to App_Data Folder" description="Add write permission to App_Data folder" defaultValue="{IIS Web Application Name}/App_Data" tags="Hidden">
    <parameterEntry kind="ProviderPath" scope="setAcl" match="^C:\\Users\\Jakob\\Documents\\PharmaCare\\PharmaCare\\PharmaCare\\obj\\Release\\Package\\PackageTmp\\App_Data$" />
  </parameter>
  <parameter name="Dbconnection-Web.config Connection String" defaultValue="Data Source = (LocalDB)\MSSQLLocalDB;Initial Catalog=PharmaCare_DB;AttachDbFilename=|DataDirectory|\PharmaCare_DB.mdf;Integrated Security = True">
    <parameterEntry kind="XmlFile" scope="C:\\Users\\Jakob\\Documents\\PharmaCare\\PharmaCare\\PharmaCare\\obj\\Release\\Package\\PackageTmp\\Web\.config$" match="/configuration/connectionStrings/add[@name='Dbconnection']/@connectionString" />
  </parameter>
  <parameter name="ConnectionString-Web.config Connection String" description="ConnectionString Connection String used in web.config by the application to access the database." defaultValue="Data Source=(LocalDB)\MSSQLLocalDB;AttachDbFilename=|DataDirectory|\PharmaCare_DB.mdf;Integrated Security=True" tags="SqlConnectionString">
    <parameterEntry kind="XmlFile" scope="C:\\Users\\Jakob\\Documents\\PharmaCare\\PharmaCare\\PharmaCare\\obj\\Release\\Package\\PackageTmp\\Web\.config$" match="/configuration/connectionStrings/add[@name='ConnectionString']/@connectionString" />
  </parameter>
</parameters>